"['GET', '/wp-content/uploads/2021/01/%E3%83%92%E3%83%89%E3%83%A9.jpeg']"
"['GET', '/archives/author/teppei-nomura']","['GET', '/wp-includes/js/wp-emoji-release.min.js?ver=5.9']","['GET', '/wp-content/themes/cdsl/style.css?ver=1.3.1']","['GET', '/wp-content/themes/cdsl/logo-qiita.png']","['GET', '/wp-content/themes/scaffold/assets/js/navigation.js?ver=1.3.1']","['GET', '/wp-content/themes/scaffold/style.css?ver=5.9']","['GET', '/wp-includes/css/dist/block-library/style.min.css?ver=5.9']","['GET', '/wp-content/plugins/native-lazyload/assets/js/lazyload.js']","['GET', '/favicon.ico']","['GET', '/wp-includes/images/w-logo-blue-white-bg.png']"
"['GET', '/wp-content/uploads/2021/04/CDSL-System-Architecture7.png']"
"['GET', '/archives/901']","['GET', '/wp-content/themes/cdsl/style.css?ver=1.3.1']","['GET', '/wp-content/themes/scaffold/assets/js/navigation.js?ver=1.3.1']","['GET', '/wp-includes/js/comment-reply.min.js?ver=5.9']","['GET', '/wp-includes/css/dist/block-library/style.min.css?ver=5.9']","['GET', '/wp-content/themes/scaffold/style.css?ver=5.9']","['GET', '/wp-includes/js/wp-emoji-release.min.js?ver=5.9']","['GET', '/wp-content/plugins/native-lazyload/assets/images/placeholder.svg']","['GET', '/favicon.ico']","['GET', '/wp-content/uploads/2021/01/Screen-Shot-2021-01-20-at-23.43.16.png']","['GET', '/wp-includes/images/w-logo-blue-white-bg.png']","['GET', '/wp-content/uploads/2021/01/Screen-Shot-2021-01-20-at-23.44.09.png']","['GET', '/wp-content/uploads/2021/01/Screen-Shot-2021-01-21-at-0.18.03.png']","['GET', '/wp-content/uploads/2021/01/Screen-Shot-2021-01-21-at-0.19.14-2048x911.png']","['GET', '/wp-content/uploads/2021/01/Screen-Shot-2021-01-21-at-0.21.56.png']","['GET', '/wp-content/uploads/2021/01/Screen-Shot-2021-01-21-at-0.23.35.png']"
"['GET', '/archives/1733']","['GET', '/wp-includes/js/wp-emoji-release.min.js?ver=5.9']","['GET', '/wp-content/themes/cdsl/style.css?ver=1.3.1']","['GET', '/wp-content/themes/scaffold/assets/js/navigation.js?ver=1.3.1']","['GET', '/wp-includes/js/comment-reply.min.js?ver=5.9']","['GET', '/wp-content/themes/scaffold/style.css?ver=5.9']","['GET', '/wp-includes/css/dist/block-library/style.min.css?ver=5.9']","['GET', '/wp-content/plugins/native-lazyload/assets/images/placeholder.svg']","['GET', '/wp-content/plugins/native-lazyload/assets/js/lazyload.js']","['GET', '/wp-content/uploads/2021/12/%E3%82%A2%E3%82%A4%E3%82%AD%E3%83%A3%E3%83%83%E3%83%81_%E3%83%AA%E3%82%B5%E3%82%A4%E3%82%B9%E3%82%99-600x338.jpg']","['GET', '/wp-content/uploads/2021/12/%E3%82%A2%E3%82%A4%E3%82%AD%E3%83%A3%E3%83%83%E3%83%81_%E3%83%AA%E3%82%B5%E3%82%A4%E3%82%B9%E3%82%99-768x432.jpg']","['GET', '/favicon.ico']","['GET', '/wp-includes/images/w-logo-blue-white-bg.png']","['GET', '/wp-content/uploads/2021/12/%E3%83%8F%E3%82%99%E3%82%A4%E3%82%AF_%E3%83%AA%E3%82%B5%E3%82%A4%E3%82%B9%E3%82%99-768x577.jpg']","['GET', '/wp-content/uploads/2021/12/%E8%A6%B3%E5%85%89%E3%83%8F%E3%82%99%E3%82%B9_%E3%83%AA%E3%82%B5%E3%82%A4%E3%82%B9%E3%82%99-1024x768.jpg']","['GET', '/wp-content/uploads/2021/12/%E8%A6%B3%E5%85%89%E3%83%8F%E3%82%99%E3%82%B9_%E3%83%AA%E3%82%B5%E3%82%A4%E3%82%B9%E3%82%99-768x576.jpg']","['GET', '/wp-content/uploads/2021/12/%E3%83%8F%E3%82%99%E3%82%A4%E3%82%AF_%E3%83%AA%E3%82%B5%E3%82%A4%E3%82%B9%E3%82%99-1024x769.jpg']","['GET', '/wp-content/uploads/2021/12/WP%E5%88%87%E6%9B%BF%E5%89%8D-1024x187.png']","['GET', '/wp-content/uploads/2021/12/WP%E5%88%87%E6%9B%BF%E5%89%8D-768x141.png']","['GET', '/wp-content/uploads/2021/12/WP%E5%88%87%E6%9B%BF%E5%BE%8C-1024x187.png']","['GET', '/wp-content/uploads/2021/12/WP%E5%88%87%E6%9B%BF%E5%BE%8C-768x141.png']"
"['GET', '/archives/989']","['GET', '/wp-includes/js/wp-emoji-release.min.js?ver=5.9']","['GET', '/wp-content/themes/cdsl/style.css?ver=1.3.1']","['GET', '/wp-content/themes/scaffold/assets/js/navigation.js?ver=1.3.1']","['GET', '/wp-includes/js/comment-reply.min.js?ver=5.9']","['GET', '/wp-content/themes/scaffold/style.css?ver=5.9']","['GET', '/wp-includes/css/dist/block-library/style.min.css?ver=5.9']","['GET', '/wp-content/plugins/native-lazyload/assets/js/lazyload.js']","['GET', '/favicon.ico']","['GET', '/wp-includes/images/w-logo-blue-white-bg.png']"
"['GET', '/favicon.ico']","['GET', '/wp-includes/images/w-logo-blue-white-bg.png']","['GET', '/archives/1706']","['GET', '/wp-content/themes/cdsl/style.css?ver=1.3.1']","['GET', '/wp-includes/js/comment-reply.min.js?ver=5.9']","['GET', '/wp-includes/js/wp-emoji-release.min.js?ver=5.9']","['GET', '/wp-content/themes/scaffold/style.css?ver=5.9']","['GET', '/wp-includes/css/dist/block-library/style.min.css?ver=5.9']","['GET', '/archives/1877']"
"['GET', '/archives/901']","['GET', '/wp-content/themes/scaffold/style.css?ver=5.9']","['GET', '/wp-includes/css/dist/block-library/style.min.css?ver=5.9']","['GET', '/wp-content/themes/cdsl/style.css?ver=1.3.1']","['GET', '/wp-content/themes/scaffold/assets/js/navigation.js?ver=1.3.1']","['GET', '/wp-includes/js/comment-reply.min.js?ver=5.9']","['GET', '/wp-includes/js/wp-emoji-release.min.js?ver=5.9']","['GET', '/wp-content/plugins/native-lazyload/assets/images/placeholder.svg']","['GET', '/favicon.ico']","['GET', '/wp-includes/images/w-logo-blue-white-bg.png']","['GET', '/wp-content/uploads/2021/01/Screen-Shot-2021-01-20-at-23.43.16-1040x1308.png']","['GET', '/wp-content/uploads/2021/01/Screen-Shot-2021-01-20-at-23.44.09.png']","['GET', '/wp-content/uploads/2021/01/Screen-Shot-2021-01-21-at-0.18.03.png']","['GET', '/wp-content/uploads/2021/01/Screen-Shot-2021-01-21-at-0.19.14-1536x683.png']","['GET', '/wp-content/uploads/2021/01/Screen-Shot-2021-01-21-at-0.21.56.png']","['GET', '/wp-content/uploads/2021/01/Screen-Shot-2021-01-21-at-0.23.35.png']"
"['GET', '/wp-includes/js/comment-reply.min.js?ver=5.9']"
"['GET', '/archives/901']"
"['GET', '/wp-content/plugins/native-lazyload/assets/images/placeholder.svg']"
"['GET', '/wp-includes/js/wp-emoji-release.min.js?ver=5.9']"
"['GET', '/wp-content/uploads/2021/12/%E3%82%B9%E3%82%AF%E3%83%AA%E3%83%BC%E3%83%B3%E3%82%B7%E3%83%A7%E3%83%83%E3%83%88-2021-12-02-132309-1024x589.png']","['GET', '/wp-content/uploads/2021/12/%E3%82%B9%E3%82%AF%E3%83%AA%E3%83%BC%E3%83%B3%E3%82%B7%E3%83%A7%E3%83%83%E3%83%88-2021-12-02-132309-1024x589.png']"
"['GET', '/topics/blog/page/5']"
"['GET', '/favicon.ico']","['GET', '/wp-includes/images/w-logo-blue-white-bg.png']"
"['GET', '/wp-content/uploads/2021/01/%E3%83%92%E3%83%89%E3%83%A9.jpeg']"
"['GET', '/wp-content/uploads/2021/07/image-4.png']"
